,country,year,total_country_consumption_value,fuel_type,total_type_of_fuel_consumption_value,consumption_value,Rank
0,Germany,2014,55.43,Gas oil and diesel oil,178.8,32.18,1.0
1,Germany,2014,55.43,Motor gasoline,70.46,17.68,2.0
2,Germany,2014,55.43,Blended biodiesels,10.26,1.95,3.0
3,Germany,2014,55.43,Liquefied petroleum gases,6.98,0.65,4.0
4,Germany,2014,55.43,Natural gas,5.66,0.45,5.0
5,France,2014,45.59,Gas oil and diesel oil,178.8,33.04,1.0
6,France,2014,45.59,Motor gasoline,70.46,7.05,2.0
7,France,2014,45.59,Blended biodiesels,10.26,2.54,3.0
8,France,2014,45.59,Natural gas,5.66,0.11,4.0
9,France,2014,45.59,Liquefied petroleum gases,6.98,0.1,5.0
10,Italy,2014,37.01,Gas oil and diesel oil,178.8,22.77,1.0
11,Italy,2014,37.01,Motor gasoline,70.46,8.49,2.0
12,Italy,2014,37.01,Liquefied petroleum gases,6.98,1.72,3.0
13,Italy,2014,37.01,Natural gas,5.66,1.07,4.0
14,Italy,2014,37.01,Blended biodiesels,10.26,1.06,5.0
15,Spain,2014,28.42,Gas oil and diesel oil,178.8,20.62,1.0
16,Spain,2014,28.42,Motor gasoline,70.46,4.53,2.0
17,Spain,2014,28.42,Blended biodiesels,10.26,0.78,3.0
18,Spain,2014,28.42,Natural gas,5.66,0.14,4.0
19,Spain,2014,28.42,Liquefied petroleum gases,6.98,0.04,5.0
20,Poland,2014,15.8,Gas oil and diesel oil,178.8,9.15,1.0
21,Poland,2014,15.8,Motor gasoline,70.46,3.54,2.0
22,Poland,2014,15.8,Liquefied petroleum gases,6.98,1.76,3.0
23,Poland,2014,15.8,Blended biodiesels,10.26,0.56,4.0
24,Poland,2014,15.8,Natural gas,5.66,0.36,5.0
25,Germany,2015,55.13,Gas oil and diesel oil,183.29,32.94,1.0
26,Germany,2015,55.13,Motor gasoline,68.74,16.93,2.0
27,Germany,2015,55.13,Blended biodiesels,10.17,1.79,3.0
28,Germany,2015,55.13,Electricity,5.5,0.96,4.0
29,Germany,2015,55.13,Liquefied petroleum gases,7.07,0.59,5.0
30,France,2015,46.17,Gas oil and diesel oil,183.29,33.47,1.0
31,France,2015,46.17,Motor gasoline,68.74,7.15,2.0
32,France,2015,46.17,Blended biodiesels,10.17,2.56,3.0
33,France,2015,46.17,Electricity,5.5,0.92,4.0
34,France,2015,46.17,Liquefied petroleum gases,7.07,0.09,5.0
35,Italy,2015,36.37,Gas oil and diesel oil,183.29,22.09,1.0
36,Italy,2015,36.37,Motor gasoline,68.74,8.19,2.0
37,Italy,2015,36.37,Liquefied petroleum gases,7.07,1.82,3.0
38,Italy,2015,36.37,Blended biodiesels,10.17,1.14,4.0
39,Italy,2015,36.37,Electricity,5.5,0.93,5.0
40,Spain,2015,29.44,Gas oil and diesel oil,183.29,21.43,1.0
41,Spain,2015,29.44,Motor gasoline,68.74,4.56,2.0
42,Spain,2015,29.44,Blended biodiesels,10.17,0.79,3.0
43,Spain,2015,29.44,Electricity,5.5,0.34,4.0
44,Spain,2015,29.44,Liquefied petroleum gases,7.07,0.05,5.0
45,Poland,2015,16.56,Gas oil and diesel oil,183.29,9.82,1.0
46,Poland,2015,16.56,Motor gasoline,68.74,3.65,2.0
47,Poland,2015,16.56,Liquefied petroleum gases,7.07,1.79,3.0
48,Poland,2015,16.56,Blended biodiesels,10.17,0.5,4.0
49,Poland,2015,16.56,Electricity,5.5,0.27,5.0
50,Germany,2016,56.55,Gas oil and diesel oil,189.63,34.28,1.0
51,Germany,2016,56.55,Motor gasoline,68.95,16.94,2.0
52,Germany,2016,56.55,Blended biodiesels,10.02,1.79,3.0
53,Germany,2016,56.55,Kerosene-type jet fuel,5.69,0.77,4.0
54,Germany,2016,56.55,Liquefied petroleum gases,7.55,0.54,5.0
55,France,2016,46.39,Gas oil and diesel oil,189.63,33.5,1.0
56,France,2016,46.39,Motor gasoline,68.95,7.33,2.0
57,France,2016,46.39,Blended biodiesels,10.02,2.51,3.0
58,France,2016,46.39,Kerosene-type jet fuel,5.69,1.45,4.0
59,France,2016,46.39,Liquefied petroleum gases,7.55,0.08,5.0
60,Italy,2016,35.81,Gas oil and diesel oil,189.63,22.14,1.0
61,Italy,2016,35.81,Motor gasoline,68.95,7.65,2.0
62,Italy,2016,35.81,Liquefied petroleum gases,7.55,1.76,3.0
63,Italy,2016,35.81,Blended biodiesels,10.02,1.01,4.0
64,Italy,2016,35.81,Kerosene-type jet fuel,5.69,0.71,5.0
65,Spain,2016,30.63,Gas oil and diesel oil,189.63,21.98,1.0
66,Spain,2016,30.63,Motor gasoline,68.95,4.77,2.0
67,Spain,2016,30.63,Kerosene-type jet fuel,5.69,1.99,3.0
68,Spain,2016,30.63,Blended biodiesels,10.02,0.98,4.0
69,Spain,2016,30.63,Liquefied petroleum gases,7.55,0.05,5.0
70,Poland,2016,18.55,Gas oil and diesel oil,189.63,11.65,1.0
71,Poland,2016,18.55,Motor gasoline,68.95,3.86,2.0
72,Poland,2016,18.55,Liquefied petroleum gases,7.55,1.9,3.0
73,Poland,2016,18.55,Blended biodiesels,10.02,0.29,4.0
74,Poland,2016,18.55,Kerosene-type jet fuel,5.69,0.02,5.0
75,Germany,2017,57.24,Gas oil and diesel oil,193.41,34.8,1.0
76,Germany,2017,57.24,Motor gasoline,69.05,17.19,2.0
77,Germany,2017,57.24,Blended biodiesels,10.85,1.83,3.0
78,Germany,2017,57.24,Kerosene-type jet fuel,5.95,0.66,4.0
79,Germany,2017,57.24,Liquefied petroleum gases,7.93,0.5,5.0
80,France,2017,46.66,Gas oil and diesel oil,193.41,33.36,1.0
81,France,2017,46.66,Motor gasoline,69.05,7.53,2.0
82,France,2017,46.66,Blended biodiesels,10.85,2.59,3.0
83,France,2017,46.66,Kerosene-type jet fuel,5.95,1.5,4.0
84,France,2017,46.66,Liquefied petroleum gases,7.93,0.07,5.0
85,Italy,2017,34.52,Gas oil and diesel oil,193.41,20.99,1.0
86,Italy,2017,34.52,Motor gasoline,69.05,7.43,2.0
87,Italy,2017,34.52,Liquefied petroleum gases,7.93,1.83,3.0
88,Italy,2017,34.52,Blended biodiesels,10.85,1.03,4.0
89,Italy,2017,34.52,Kerosene-type jet fuel,5.95,0.78,5.0
90,Spain,2017,31.75,Gas oil and diesel oil,193.41,22.35,1.0
91,Spain,2017,31.75,Motor gasoline,69.05,4.87,2.0
92,Spain,2017,31.75,Kerosene-type jet fuel,5.95,2.16,3.0
93,Spain,2017,31.75,Blended biodiesels,10.85,1.14,4.0
94,Spain,2017,31.75,Liquefied petroleum gases,7.93,0.06,5.0
95,Poland,2017,21.41,Gas oil and diesel oil,193.41,13.9,1.0
96,Poland,2017,21.41,Motor gasoline,69.05,4.22,2.0
97,Poland,2017,21.41,Liquefied petroleum gases,7.93,2.01,3.0
98,Poland,2017,21.41,Blended biodiesels,10.85,0.43,4.0
99,Poland,2017,21.41,Kerosene-type jet fuel,5.95,0.02,5.0
100,Germany,2018,55.46,Gas oil and diesel oil,193.21,33.51,1.0
101,Germany,2018,55.46,Motor gasoline,68.89,16.41,2.0
102,Germany,2018,55.46,Blended biodiesels,12.15,1.91,3.0
103,Germany,2018,55.46,Kerosene-type jet fuel,6.21,0.64,4.0
104,Germany,2018,55.46,Liquefied petroleum gases,7.94,0.55,5.0
105,France,2018,45.91,Gas oil and diesel oil,193.21,32.32,1.0
106,France,2018,45.91,Motor gasoline,68.89,7.77,2.0
107,France,2018,45.91,Blended biodiesels,12.15,2.55,3.0
108,France,2018,45.91,Kerosene-type jet fuel,6.21,1.58,4.0
109,France,2018,45.91,Liquefied petroleum gases,7.94,0.06,5.0
110,Italy,2018,35.57,Gas oil and diesel oil,193.21,21.61,1.0
111,Italy,2018,35.57,Motor gasoline,68.89,7.64,2.0
112,Italy,2018,35.57,Liquefied petroleum gases,7.94,1.77,3.0
113,Italy,2018,35.57,Blended biodiesels,12.15,1.22,4.0
114,Italy,2018,35.57,Kerosene-type jet fuel,6.21,0.87,5.0
115,Spain,2018,32.51,Gas oil and diesel oil,193.21,22.41,1.0
116,Spain,2018,32.51,Motor gasoline,68.89,5.08,2.0
117,Spain,2018,32.51,Kerosene-type jet fuel,6.21,2.25,3.0
118,Spain,2018,32.51,Blended biodiesels,12.15,1.49,4.0
119,Spain,2018,32.51,Liquefied petroleum gases,7.94,0.07,5.0
120,Poland,2018,22.31,Gas oil and diesel oil,193.21,14.26,1.0
121,Poland,2018,22.31,Motor gasoline,68.89,4.39,2.0
122,Poland,2018,22.31,Liquefied petroleum gases,7.94,2.04,3.0
123,Poland,2018,22.31,Blended biodiesels,12.15,0.74,4.0
124,Poland,2018,22.31,Kerosene-type jet fuel,6.21,0.03,5.0
125,Germany,2019,56.21,Gas oil and diesel oil,193.77,33.97,1.0
126,Germany,2019,56.21,Motor gasoline,70.14,16.59,2.0
127,Germany,2019,56.21,Blended biodiesels,12.63,1.9,3.0
128,Germany,2019,56.21,Kerosene-type jet fuel,6.46,0.72,4.0
129,Germany,2019,56.21,Liquefied petroleum gases,8.25,0.48,5.0
130,France,2019,45.63,Gas oil and diesel oil,193.77,31.45,1.0
131,France,2019,45.63,Motor gasoline,70.14,8.28,2.0
132,France,2019,45.63,Blended biodiesels,12.63,2.54,3.0
133,France,2019,45.63,Kerosene-type jet fuel,6.46,1.6,4.0
134,France,2019,45.63,Liquefied petroleum gases,8.25,0.06,5.0
135,Italy,2019,35.86,Gas oil and diesel oil,193.77,21.65,1.0
136,Italy,2019,35.86,Motor gasoline,70.14,7.71,2.0
137,Italy,2019,35.86,Liquefied petroleum gases,8.25,1.82,3.0
138,Italy,2019,35.86,Blended biodiesels,12.63,1.25,4.0
139,Italy,2019,35.86,Kerosene-type jet fuel,6.46,0.9,5.0
140,Spain,2019,32.91,Gas oil and diesel oil,193.77,22.28,1.0
141,Spain,2019,32.91,Motor gasoline,70.14,5.41,2.0
142,Spain,2019,32.91,Kerosene-type jet fuel,6.46,2.37,3.0
143,Spain,2019,32.91,Blended biodiesels,12.63,1.47,4.0
144,Spain,2019,32.91,Liquefied petroleum gases,8.25,0.1,5.0
145,Poland,2019,22.74,Gas oil and diesel oil,193.77,14.38,1.0
146,Poland,2019,22.74,Motor gasoline,70.14,4.54,2.0
147,Poland,2019,22.74,Liquefied petroleum gases,8.25,2.13,3.0
148,Poland,2019,22.74,Blended biodiesels,12.63,0.8,4.0
149,Poland,2019,22.74,Kerosene-type jet fuel,6.46,0.03,5.0
150,Germany,2020,51.0,Gas oil and diesel oil,170.27,30.62,1.0
151,Germany,2020,51.0,Motor gasoline,60.75,14.91,2.0
152,Germany,2020,51.0,Blended biodiesels,12.85,2.58,3.0
153,Germany,2020,51.0,Electricity,5.19,0.99,4.0
154,Germany,2020,51.0,Liquefied petroleum gases,6.66,0.36,5.0
155,France,2020,38.38,Gas oil and diesel oil,170.27,26.66,1.0
156,France,2020,38.38,Motor gasoline,60.75,7.14,2.0
157,France,2020,38.38,Blended biodiesels,12.85,2.09,3.0
158,France,2020,38.38,Electricity,5.19,0.72,4.0
159,France,2020,38.38,Liquefied petroleum gases,6.66,0.04,5.0
160,Italy,2020,28.97,Gas oil and diesel oil,170.27,17.65,1.0
161,Italy,2020,28.97,Motor gasoline,60.75,6.08,2.0
162,Italy,2020,28.97,Liquefied petroleum gases,6.66,1.44,3.0
163,Italy,2020,28.97,Blended biodiesels,12.85,1.25,4.0
164,Italy,2020,28.97,Electricity,5.19,0.87,5.0
165,Spain,2020,26.05,Gas oil and diesel oil,170.27,18.5,1.0
166,Spain,2020,26.05,Motor gasoline,60.75,4.28,2.0
167,Spain,2020,26.05,Blended biodiesels,12.85,1.28,3.0
168,Spain,2020,26.05,Electricity,5.19,0.29,4.0
169,Spain,2020,26.05,Liquefied petroleum gases,6.66,0.07,5.0
170,Poland,2020,21.72,Gas oil and diesel oil,170.27,13.97,1.0
171,Poland,2020,21.72,Motor gasoline,60.75,4.23,2.0
172,Poland,2020,21.72,Liquefied petroleum gases,6.66,1.91,3.0
173,Poland,2020,21.72,Blended biodiesels,12.85,0.84,4.0
174,Poland,2020,21.72,Electricity,5.19,0.27,5.0
175,Germany,2021,49.9,Gas oil and diesel oil,180.17,29.97,1.0
176,Germany,2021,49.9,Motor gasoline,64.52,14.8,2.0
177,Germany,2021,49.9,Blended biodiesels,13.19,2.14,3.0
178,Germany,2021,49.9,Electricity,5.05,1.11,4.0
179,Germany,2021,49.9,Liquefied petroleum gases,5.53,0.34,5.0
180,France,2021,43.57,Gas oil and diesel oil,180.17,29.76,1.0
181,France,2021,43.57,Motor gasoline,64.52,8.57,2.0
182,France,2021,43.57,Blended biodiesels,13.19,2.16,3.0
183,France,2021,43.57,Electricity,5.05,0.83,4.0
184,France,2021,43.57,Liquefied petroleum gases,5.53,0.05,5.0
185,Italy,2021,34.8,Gas oil and diesel oil,180.17,21.67,1.0
186,Italy,2021,34.8,Motor gasoline,64.52,7.36,2.0
187,Italy,2021,34.8,Liquefied petroleum gases,5.53,1.55,3.0
188,Italy,2021,34.8,Blended biodiesels,13.19,1.39,4.0
189,Italy,2021,34.8,Electricity,5.05,0.74,5.0
190,Spain,2021,30.35,Gas oil and diesel oil,180.17,20.93,1.0
191,Spain,2021,30.35,Motor gasoline,64.52,5.28,2.0
192,Spain,2021,30.35,Blended biodiesels,13.19,1.27,3.0
193,Spain,2021,30.35,Electricity,5.05,0.31,4.0
194,Spain,2021,30.35,Liquefied petroleum gases,5.53,0.09,5.0
195,Poland,2021,23.5,Gas oil and diesel oil,180.17,15.12,1.0
196,Poland,2021,23.5,Motor gasoline,64.52,4.67,2.0
197,Poland,2021,23.5,Liquefied petroleum gases,5.53,1.99,3.0
198,Poland,2021,23.5,Blended biodiesels,13.19,0.84,4.0
199,Poland,2021,23.5,Electricity,5.05,0.29,5.0
200,Germany,2022,50.72,Gas oil and diesel oil,181.4,29.68,1.0
201,Germany,2022,50.72,Motor gasoline,68.35,15.35,2.0
202,Germany,2022,50.72,Blended biodiesels,12.95,2.18,3.0
203,Germany,2022,50.72,Kerosene-type jet fuel,5.91,0.34,4.0
204,Germany,2022,50.72,Liquefied petroleum gases,5.75,0.23,5.0
205,France,2022,45.06,Gas oil and diesel oil,181.4,29.68,1.0
206,France,2022,45.06,Motor gasoline,68.35,9.39,2.0
207,France,2022,45.06,Blended biodiesels,12.95,2.11,3.0
208,France,2022,45.06,Kerosene-type jet fuel,5.91,1.56,4.0
209,France,2022,45.06,Liquefied petroleum gases,5.75,0.09,5.0
210,Italy,2022,36.68,Gas oil and diesel oil,181.4,22.41,1.0
211,Italy,2022,36.68,Motor gasoline,68.35,8.24,2.0
212,Italy,2022,36.68,Liquefied petroleum gases,5.75,1.69,3.0
213,Italy,2022,36.68,Blended biodiesels,12.95,1.35,4.0
214,Italy,2022,36.68,Kerosene-type jet fuel,5.91,0.81,5.0
215,Spain,2022,32.47,Gas oil and diesel oil,181.4,21.49,1.0
216,Spain,2022,32.47,Motor gasoline,68.35,5.83,2.0
217,Spain,2022,32.47,Kerosene-type jet fuel,5.91,2.5,3.0
218,Spain,2022,32.47,Blended biodiesels,12.95,1.26,4.0
219,Spain,2022,32.47,Liquefied petroleum gases,5.75,0.12,5.0
220,Poland,2022,23.85,Gas oil and diesel oil,181.4,15.24,1.0
221,Poland,2022,23.85,Motor gasoline,68.35,4.95,2.0
222,Poland,2022,23.85,Liquefied petroleum gases,5.75,2.07,3.0
223,Poland,2022,23.85,Blended biodiesels,12.95,0.89,4.0
224,Poland,2022,23.85,Kerosene-type jet fuel,5.91,0.03,5.0
225,Germany,2023,48.9,Gas oil and diesel oil,170.28,28.14,1.0
226,Germany,2023,48.9,Motor gasoline,69.22,15.25,2.0
227,Germany,2023,48.9,Blended biodiesels,13.18,2.16,3.0
228,Germany,2023,48.9,Electricity,6.06,1.42,4.0
229,Germany,2023,48.9,Kerosene-type jet fuel,6.66,0.36,5.0
230,France,2023,44.07,Gas oil and diesel oil,170.28,27.9,1.0
231,France,2023,44.07,Motor gasoline,69.22,9.98,2.0
232,France,2023,44.07,Blended biodiesels,13.18,2.17,3.0
233,France,2023,44.07,Kerosene-type jet fuel,6.66,1.4,4.0
234,France,2023,44.07,Electricity,6.06,1.11,5.0
235,Italy,2023,37.61,Gas oil and diesel oil,170.28,22.3,1.0
236,Italy,2023,37.61,Motor gasoline,69.22,8.56,2.0
237,Italy,2023,37.61,Kerosene-type jet fuel,6.66,1.52,3.0
238,Italy,2023,37.61,Blended biodiesels,13.18,1.25,4.0
239,Italy,2023,37.61,Electricity,6.06,0.76,5.0
240,Spain,2023,32.2,Gas oil and diesel oil,170.28,20.31,1.0
241,Spain,2023,32.2,Motor gasoline,69.22,6.09,2.0
242,Spain,2023,32.2,Kerosene-type jet fuel,6.66,2.64,3.0
243,Spain,2023,32.2,Blended biodiesels,13.18,1.75,4.0
244,Spain,2023,32.2,Electricity,6.06,0.37,5.0
245,Poland,2023,23.72,Gas oil and diesel oil,170.28,14.72,1.0
246,Poland,2023,23.72,Motor gasoline,69.22,5.2,2.0
247,Poland,2023,23.72,Blended biodiesels,13.18,1.04,3.0
248,Poland,2023,23.72,Electricity,6.06,0.32,4.0
249,Poland,2023,23.72,Kerosene-type jet fuel,6.66,0.04,5.0
